arraysize,duration
001,2179.298872
005,361.237912
010,189.148232
020,64.604950
050,18.589813
100,18.944690
200,7.477630
300,3.060174
400,2.314539
500,8.791792
